datetime,open,high,low,close,volume
2023-10-24T00:00:00+00:00,4054.945000000004,4107.0350000000035,4054.945000000004,4102.065000000002,12285
2023-10-25T00:00:00+00:00,4102.065000000002,4116.335000000003,4071.3150000000023,4081.3850000000025,14118
2023-10-26T00:00:00+00:00,4081.3850000000025,4097.735000000002,4046.7150000000024,4066.2550000000024,21583
2023-10-27T00:00:00+00:00,4066.2550000000024,4101.335000000003,4019.315000000003,4029.3350000000028,16570
2023-10-30T00:00:00+00:00,4029.3350000000028,4083.8750000000027,4029.3350000000028,4071.9250000000025,11854
2023-10-31T00:00:00+00:00,4071.9250000000025,4105.485000000002,4057.4650000000024,4101.465000000002,12070
2023-11-01T00:00:00+00:00,4101.465000000002,4143.785000000002,4080.765,4142.7750000000015,15056
2023-11-02T00:00:00+00:00,4142.7750000000015,4220.255000000002,4142.7750000000015,4220.245000000002,10570
2023-11-03T00:00:00+00:00,4220.245000000002,4227.335000000002,4194.315000000001,4210.315000000001,11441
2023-11-06T00:00:00+00:00,4210.315000000001,4221.915000000002,4176.895000000001,4188.955000000002,9339
2023-11-07T00:00:00+00:00,4188.955000000002,4197.4450000000015,4165.4450000000015,4181.995000000002,10538
2023-11-08T00:00:00+00:00,4181.995000000002,4229.935000000001,4162.915000000002,4213.915000000002,9991
2023-11-09T00:00:00+00:00,4213.915000000002,4266.285000000002,4207.265000000002,4236.315000000001,11965
2023-11-10T00:00:00+00:00,4236.315000000001,4262.595000000002,4206.5250000000015,4262.575000000002,12434
2023-11-13T00:00:00+00:00,4262.575000000002,4271.075000000002,4241.055000000002,4266.115000000002,9761
2023-11-14T00:00:00+00:00,4266.115000000002,4338.415000000002,4261.395000000001,4326.4450000000015,11547
2023-11-15T00:00:00+00:00,4326.4450000000015,4358.785000000002,4326.4450000000015,4344.325000000002,10927
2023-11-16T00:00:00+00:00,4344.325000000002,4354.1950000000015,4331.175000000002,4347.245000000002,10875
2023-11-17T00:00:00+00:00,4347.245000000002,4379.715000000002,4339.6950000000015,4378.745000000002,8746
2023-11-20T00:00:00+00:00,4378.745000000002,4386.035000000002,4361.015000000002,4381.0250000000015,7640
2023-11-21T00:00:00+00:00,4381.0250000000015,4381.0250000000015,4360.505000000002,4368.565000000001,7824
2023-11-22T00:00:00+00:00,4368.565000000001,4389.035000000002,4366.015000000002,4385.565000000001,8334
2023-11-23T00:00:00+00:00,4385.565000000001,4394.455000000002,4380.435000000001,4393.505000000002,5230
2023-11-24T00:00:00+00:00,4393.505000000002,4409.915000000002,4384.895000000001,4403.905000000002,5018.285556388525
2023-11-27T00:00:00+00:00,4403.905000000002,4409.605000000001,4385.585000000002,4386.645000000001,6466
2023-11-28T00:00:00+00:00,4386.645000000001,4387.125000000002,4360.105000000001,4375.125000000002,7478
2023-11-29T00:00:00+00:00,4375.125000000002,4415.615000000002,4373.595000000002,4404.615000000002,8600
2023-11-30T00:00:00+00:00,4404.615000000002,4428.055000000002,4392.035000000002,4425.095000000002,8975
2023-12-01T00:00:00+00:00,4425.095000000002,4462.515000000002,4425.095000000002,4457.505000000002,8184
2023-12-04T00:00:00+00:00,4457.505000000002,4459.965000000002,4435.915000000002,4459.4850000000015,6812
2023-12-05T00:00:00+00:00,4459.4850000000015,4491.425000000002,4437.405000000002,4485.965000000002,8181
2023-12-06T00:00:00+00:00,4485.965000000002,4528.875000000002,4485.965000000002,4502.915000000002,7693
2023-12-07T00:00:00+00:00,4502.915000000002,4515.335000000002,4495.315000000001,4511.375000000002,7455
2023-12-08T00:00:00+00:00,4511.375000000002,4564.845000000002,4507.845000000002,4560.895000000001,8301
2023-12-11T00:00:00+00:00,4560.895000000001,4580.295000000002,4551.2750000000015,4576.285000000002,6727
2023-12-12T00:00:00+00:00,4576.285000000002,4593.795000000002,4565.7750000000015,4577.785000000002,8530
2023-12-13T00:00:00+00:00,4577.785000000002,4602.295000000002,4554.2750000000015,4600.335000000002,7540
2023-12-14T00:00:00+00:00,4600.335000000002,4624.805000000002,4545.785000000002,4571.855000000001,12905
2023-12-15T00:00:00+00:00,4571.855000000001,4616.4450000000015,4568.435000000001,4572.9850000000015,8929
2023-12-18T00:00:00+00:00,4572.9850000000015,4580.875000000002,4549.855000000001,4565.415000000002,7906
2023-12-19T00:00:00+00:00,4565.415000000002,4584.635000000002,4559.565000000001,4582.615000000002,6926
2023-12-20T00:00:00+00:00,4582.615000000002,4583.935000000001,4531.915000000002,4534.9850000000015,8179
2023-12-21T00:00:00+00:00,4534.9850000000015,4575.0250000000015,4534.9850000000015,4575.0250000000015,8969.856856856857
2023-12-22T00:00:00+00:00,4575.0250000000015,4575.0250000000015,4542.595000000002,4560.665000000002,6671
2023-12-27T00:00:00+00:00,4560.665000000002,4589.185000000001,4559.175000000002,4576.1950000000015,7357
2023-12-28T00:00:00+00:00,4576.1950000000015,4588.645000000001,4547.635000000002,4552.185000000001,6318
2023-12-29T00:00:00+00:00,4552.185000000001,4573.255000000002,4548.245000000002,4567.805000000002,5910
2024-01-02T00:00:00+00:00,4567.805000000002,4605.715000000002,4519.665000000002,4537.7350000000015,9669.774236387782
2024-01-03T00:00:00+00:00,4537.7350000000015,4554.255000000002,4468.2350000000015,4484.785000000002,11275.80429594272
2024-01-04T00:00:00+00:00,4484.785000000002,4518.265000000002,4484.245000000002,4497.265000000002,9312.123847167326
2024-01-05T00:00:00+00:00,4497.265000000002,4517.925000000002,4460.925000000002,4500.975000000001,11869
2024-01-08T00:00:00+00:00,4500.975000000001,4550.4850000000015,4480.475000000001,4548.035000000002,8387
2024-01-09T00:00:00+00:00,4548.035000000002,4548.035000000002,4488.1950000000015,4508.245000000002,9097
2024-01-10T00:00:00+00:00,4508.245000000002,4528.785000000002,4494.765000000002,4521.835000000002,8512
2024-01-11T00:00:00+00:00,4521.835000000002,4553.265000000002,4475.245000000002,4510.255000000002,10732.320736688336
2024-01-12T00:00:00+00:00,4510.255000000002,4533.935000000001,4497.935000000001,4524.975000000001,11729
2024-01-15T00:00:00+00:00,4524.975000000001,4539.815000000001,4490.745000000002,4497.815000000001,6583
2024-01-16T00:00:00+00:00,4497.815000000001,4497.815000000001,4454.395000000001,4477.465000000002,12117.444116331462
2024-01-17T00:00:00+00:00,4477.465000000002,4477.465000000002,4421.925000000002,4443.9450000000015,11360
2024-01-18T00:00:00+00:00,4443.9450000000015,4512.725000000001,4443.9450000000015,4511.7750000000015,10158
2024-01-19T00:00:00+00:00,4511.7750000000015,4525.905000000002,4477.895000000001,4514.965000000002,10315
2024-01-22T00:00:00+00:00,4514.965000000002,4539.055000000002,4506.045000000002,4517.595000000002,6026
2024-01-23T00:00:00+00:00,4517.595000000002,4540.365000000002,4497.355000000001,4521.365000000002,4591.0300578034685
2024-01-24T00:00:00+00:00,4521.365000000002,4619.9450000000015,4521.365000000002,4599.475000000001,6109
2024-01-25T00:00:00+00:00,4599.475000000001,4638.675000000002,4585.655000000002,4638.665000000002,7503
2024-01-26T00:00:00+00:00,4638.665000000002,4679.355000000001,4622.305000000002,4675.285000000002,5784.842345276873
2024-01-29T00:00:00+00:00,4675.285000000002,4703.055000000002,4663.535000000002,4700.055000000002,4000
2024-01-30T00:00:00+00:00,4700.055000000002,4711.325000000002,4684.325000000002,4707.335000000002,4217
2024-01-31T00:00:00+00:00,4707.335000000002,4717.725000000001,4670.715000000002,4675.715000000002,9894
2024-02-01T00:00:00+00:00,4675.715000000002,4704.345000000002,4655.325000000002,4703.325000000002,7858.042372881356
2024-02-02T00:00:00+00:00,4703.325000000002,4718.875000000002,4690.865000000002,4707.875000000002,9631
2024-02-05T00:00:00+00:00,4707.875000000002,4716.5250000000015,4680.505000000002,4708.565000000001,5878
2024-02-06T00:00:00+00:00,4708.565000000001,4742.075000000002,4703.015000000002,4742.075000000002,5399
2024-02-07T00:00:00+00:00,4742.075000000002,4742.395000000001,4719.375000000002,4732.395000000001,4821
2024-02-08T00:00:00+00:00,4732.395000000001,4762.9450000000015,4703.18,4707.2,4112
2024-02-09T00:00:00+00:00,4707.2,4733.62,4694.61,4728.62,3811.083822296731
2024-02-12T00:00:00+00:00,4728.62,4748.12,4722.1,4734.16,3606
2024-02-13T00:00:00+00:00,4734.16,4735.52,4654.51,4671.51,7318
2024-02-14T00:00:00+00:00,4671.51,4726.08,4671.51,4726.08,5906.155069582504
2024-02-15T00:00:00+00:00,4726.08,4762.53,4726.08,4759.51,5019
2024-02-16T00:00:00+00:00,4759.51,4781.94,4745.92,4748.49,6034
2024-02-19T00:00:00+00:00,4748.49,4767.45,4743.43,4763.43,2692.7953703703706
2024-02-20T00:00:00+00:00,4763.43,4765.98,4745.97,4762.98,5441.709829275726
2024-02-21T00:00:00+00:00,4762.98,4791.53,4754.51,4790.06,6598
2024-02-22T00:00:00+00:00,4790.06,4865.02,4790.06,4859.55,6333.973484535853
2024-02-23T00:00:00+00:00,4859.55,4875.33,4843.33,4863.34,4152
2024-02-26T00:00:00+00:00,4863.34,4866.69,4852.27,4859.679999999999,3858.0703218116805
2024-02-27T00:00:00+00:00,4859.679999999999,4885.24,4852.23,4881.299999999999,3936
2024-02-28T00:00:00+00:00,4881.299999999999,4884.75,4870.73,4875.799999999999,4870
2024-02-29T00:00:00+00:00,4875.799999999999,4894.29,4860.28,4892.83,6152
2024-03-01T00:00:00+00:00,4892.83,4903.839999999999,4867.82,4900.87,5778
2024-03-04T00:00:00+00:00,4900.87,4916.45,4890.45,4907.48,3436.6339950372208
2024-03-05T00:00:00+00:00,4907.48,4912.57,4863.56,4879.56,5049.30851859569
2024-03-06T00:00:00+00:00,4879.56,4928.62,4878.56,4919.67,7144
2024-03-07T00:00:00+00:00,4919.67,4985.16,4886.15,4977.16,5635.8801557407705
2024-03-08T00:00:00+00:00,4977.16,4979.65,4930.63,4934.18,8378.36674259681
2024-03-11T00:00:00+00:00,4934.18,4935.3,4906.3,4930.3,5775
2024-03-12T00:00:00+00:00,4930.3,4985.87,4911.9,4984.86,6074
2024-03-13T00:00:00+00:00,4984.86,5010.39,4976.39,4997.4,3761
2024-03-14T00:00:00+00:00,4997.4,5024.93,4965.43,4982.5,6768.658836267167
2024-03-15T00:00:00+00:00,4982.5,5041.41,4980,5020.4,6042.493577495239
2024-03-18T00:00:00+00:00,5020.4,5025.34,4995.32,4999.32,3951.362385303447
2024-03-19T00:00:00+00:00,4999.32,5036.37,4991.36,5020.35,4515.146437783459
2024-03-20T00:00:00+00:00,5020.35,5068.72,5002.7,5066.76,6900
2024-03-21T00:00:00+00:00,5066.76,5088.4,5043.38,5066.94,4403
2024-03-22T00:00:00+00:00,5066.94,5066.94,5028.91,5054.87,3657
2024-03-25T00:00:00+00:00,5054.87,5076.94,5035.92,5063.98,3415
2024-03-26T00:00:00+00:00,5063.98,5097.35,5060.38,5082.35,3780
2024-03-27T00:00:00+00:00,5082.35,5122.75,5082.35,5120.73,3369
2024-03-28T00:00:00+00:00,5120.73,5127.08,5103.06,5110.11,3749.709517923362
2024-04-02T00:00:00+00:00,5110.11,5144.45,5057.43,5074.45,6663
2024-04-03T00:00:00+00:00,5074.45,5094.95,5049.94,5084.45,6144
2024-04-04T00:00:00+00:00,5084.45,5107.7,5017.68,5023.24,7228
2024-04-05T00:00:00+00:00,5023.24,5044.11,4999.11,5035.17,10629
2024-04-08T00:00:00+00:00,5035.17,5072.03,5022.06,5056.02,5925
2024-04-09T00:00:00+00:00,5056.02,5056.02,4997.28,5024.33,6553
2024-04-10T00:00:00+00:00,5024.33,5055.33,4966.28,5041.28,13923.575158081852
2024-04-11T00:00:00+00:00,5041.28,5053.9,4974.89,5037.88,12134
2024-04-12T00:00:00+00:00,5037.88,5067.88,4967.86,4976.41,11951
2024-04-15T00:00:00+00:00,4976.41,5080.68,4976.41,4987.72,14435
2024-04-16T00:00:00+00:00,4987.72,4987.72,4939.64,4970.65,19092
2024-04-17T00:00:00+00:00,4970.65,5011.74,4932.68,4953.75,21939
2024-04-18T00:00:00+00:00,4953.75,4991.3,4948.24,4962.24,17925
2024-04-19T00:00:00+00:00,4962.24,4975.78,4901.76,4947.82,33999
2024-04-22T00:00:00+00:00,4947.82,5014.37,4947.82,4997.35,12399
2024-04-23T00:00:00+00:00,4997.35,5064.21,4990.16,5057.16,11900
2024-04-24T00:00:00+00:00,5057.16,5074.69,5014.69,5028.71,12115.09634727369
2024-04-25T00:00:00+00:00,5028.71,5028.71,4932.37,4988.92,16140.300850947022
2024-04-26T00:00:00+00:00,4988.92,5053.84,4988.92,5045.83,12102
2024-04-29T00:00:00+00:00,5045.83,5062.72,5002.7,5016.25,8134.112483745123
2024-04-30T00:00:00+00:00,5016.25,5023.94,4933.97,4934.48,8881
2024-05-02T00:00:00+00:00,4934.48,4956.36,4920.36,4936.41,10235
2024-05-03T00:00:00+00:00,4936.41,4979.07,4927.12,4960.62,11949
2024-05-06T00:00:00+00:00,4960.62,5004.27,4951.26,5004.27,3619
2024-05-07T00:00:00+00:00,5004.27,5055.62,4998.61,5045.17,5327
2024-05-08T00:00:00+00:00,5045.17,5080.86,5040.86,5076.93,4841.266222961731
2024-05-09T00:00:00+00:00,5076.93,5092.56,5041.54,5091.55,3708
2024-05-10T00:00:00+00:00,5091.55,5126.56,5090.49,5113.55,4130
2024-05-13T00:00:00+00:00,5113.55,5117.94,5096.88,5105.88,3196
2024-05-14T00:00:00+00:00,5105.88,5121.58,5082.57,5121.53,4423
2024-05-15T00:00:00+00:00,5121.53,5136.06,5104.06,5136.04,4452
2024-05-16T00:00:00+00:00,5136.04,5136.04,5080.61,5082.16,4321
2024-05-17T00:00:00+00:00,5082.16,5098.35,5067.28,5098.35,4046
2024-05-20T00:00:00+00:00,5098.35,5107.3,5088.28,5092.33,2791
2024-05-21T00:00:00+00:00,5092.33,5092.33,5049.8,5077.76,3770
2024-05-22T00:00:00+00:00,5077.76,5079.45,5028.4,5047.95,4951
2024-05-23T00:00:00+00:00,5047.95,5090.02,5027.01,5038.07,6961.093268094155
2024-05-24T00:00:00+00:00,5038.07,5073.55,5024.53,5069.59,5466
2024-05-27T00:00:00+00:00,5069.59,5097.21,5065.19,5096.2,2797
2024-05-28T00:00:00+00:00,5096.2,5106.66,5048.64,5069.66,7017
2024-05-29T00:00:00+00:00,5069.66,5069.66,4988.28,5002.35,8135
2024-05-30T00:00:00+00:00,5002.35,5030.35,4974.33,5023.88,6992
2024-05-31T00:00:00+00:00,5023.88,5043.88,4997.92,5043.43,8705
2024-06-03T00:00:00+00:00,5043.43,5072.53,5008.51,5032.07,11332
2024-06-04T00:00:00+00:00,5032.07,5034.05,4974.04,4998.04,12685
2024-06-05T00:00:00+00:00,4998.04,5090.78,4998.04,5090.27,7154
2024-06-06T00:00:00+00:00,5090.27,5117.14,5083.12,5106.18,7994
2024-06-07T00:00:00+00:00,5106.18,5111.76,5051.7,5078.76,11476
2024-06-10T00:00:00+00:00,5078.76,5078.76,5004.88,5062.94,9590
2024-06-11T00:00:00+00:00,5062.94,5073.5,4977.55,5012.48,10493
2024-06-12T00:00:00+00:00,5012.48,5084.07,5012.48,5074.1,14254
2024-06-13T00:00:00+00:00,5074.1,5079.57,4967.53,4989.08,11640
2024-06-14T00:00:00+00:00,4989.08,5001.18,4860.11,4885.12,15729
2024-06-17T00:00:00+00:00,4885.12,4952.72,4881.71,4949.76,10836.147677475898
2024-06-18T00:00:00+00:00,4949.76,4978.21,4928.19,4968.75,9157
2024-06-19T00:00:00+00:00,4968.75,4974.03,4924.07,4933.07,4553
2024-06-20T00:00:00+00:00,4933.07,5002.54,4933.07,4996.57,10765.559139784946
2024-06-21T00:00:00+00:00,4996.57,5001.99,4940.93,4962.98,10229
2024-06-24T00:00:00+00:00,4962.98,5020.92,4962.98,4984.96,10263
2024-06-25T00:00:00+00:00,4984.96,5003.05,4963.03,4999.6,9021
2024-06-26T00:00:00+00:00,4999.6,5030.75,4941.74,4973.78,9934
2024-06-27T00:00:00+00:00,4973.78,4987.5,4947.5,4962.48,9615
2024-06-28T00:00:00+00:00,4962.48,4983.11,4931.09,4953.14,11844.460554371002
2024-07-01T00:00:00+00:00,4953.14,5040.27,4951.64,5002.32,12123.41444002274
2024-07-02T00:00:00+00:00,5002.32,5004.32,4927.38,4980.38,12186.420752565566
2024-07-03T00:00:00+00:00,4980.38,5047.12,4980.38,5045.16,7998.31906614786
2024-07-04T00:00:00+00:00,5045.16,5064.2,5039.18,5061.23,4973.818804198996
2024-07-05T00:00:00+00:00,5061.23,5088.49,5027.47,5052.04,9451.8
2024-07-08T00:00:00+00:00,5052.04,5098.12,5023.11,5030.17,7934
2024-07-09T00:00:00+00:00,5030.17,5034.73,4957.66,4968.22,9164
2024-07-10T00:00:00+00:00,4968.22,5041.68,4959.71,5039.23,6330
2024-07-11T00:00:00+00:00,5039.23,5069.77,5024.8,5031.81,11883
2024-07-12T00:00:00+00:00,5031.81,5118.1,5031.81,5093.64,7839
2024-07-15T00:00:00+00:00,5093.64,5104.24,5029.17,5034.73,9593.183870967741
2024-07-16T00:00:00+00:00,5034.73,5035.08,5004.08,5032.13,8424
2024-07-17T00:00:00+00:00,5032.13,5032.13,4942.84,4948.4,12014
2024-07-18T00:00:00+00:00,4948.4,4989.01,4919.05,4933.54,14382
2024-07-19T00:00:00+00:00,4933.54,4950.72,4885.7,4895.7,16841
2024-07-22T00:00:00+00:00,4895.7,4985.9,4895.7,4985.45,9974
2024-07-23T00:00:00+00:00,4985.45,5015.98,4959.97,4965.54,10210
2024-07-24T00:00:00+00:00,4965.54,4965.54,4892.42,4896.39,11821
2024-07-25T00:00:00+00:00,4896.39,4903.29,4827.34,4869.84,20288
2024-07-26T00:00:00+00:00,4869.84,4943.15,4869.84,4939.18,15092
2024-07-29T00:00:00+00:00,4939.18,4953.41,4873.34,4889.9,11465
2024-07-30T00:00:00+00:00,4889.9,4926.35,4880.34,4906.4,12325
2024-07-31T00:00:00+00:00,4906.4,4988.74,4906.4,4940.27,16317
2024-08-01T00:00:00+00:00,4940.27,4955.06,4796.06,4815.61,16851
2024-08-02T00:00:00+00:00,4815.61,4815.61,4687.14,4718.21,28719
2024-08-05T00:00:00+00:00,4718.21,4718.21,4534.6,4634.65,66677
2024-08-06T00:00:00+00:00,4634.65,4689.45,4599.45,4643.51,42143
2024-08-07T00:00:00+00:00,4643.51,4747.89,4643.51,4667.93,31727
2024-08-08T00:00:00+00:00,4667.93,4747.9,4666.88,4743.93,24468
2024-08-09T00:00:00+00:00,4743.93,4766.33,4708.31,4750.87,18689
2024-08-12T00:00:00+00:00,4750.87,4764,4720.01,4733.06,11907
2024-08-13T00:00:00+00:00,4733.06,4776.49,4721.53,4774.02,10771
2024-08-14T00:00:00+00:00,4774.02,4799.88,4771.87,4797.42,12517
2024-08-15T00:00:00+00:00,4797.42,4894.25,4791.25,4892.28,8826
2024-08-16T00:00:00+00:00,4892.28,4917.37,4880.36,4908.93,9867
2024-08-19T00:00:00+00:00,4908.93,4947.84,4900.78,4947.77,6300
2024-08-20T00:00:00+00:00,4947.77,4969.26,4913.24,4925.8,7047
2024-08-21T00:00:00+00:00,4925.8,4964.81,4925.8,4962.84,8779
2024-08-22T00:00:00+00:00,4962.84,4984.22,4935.71,4939.26,11637.701986754968
2024-08-23T00:00:00+00:00,4939.26,4991.26,4939.26,4977.3,14517
2024-08-26T00:00:00+00:00,4977.3,4982.73,4959.71,4969.77,6303
2024-08-27T00:00:00+00:00,4969.77,4988.29,4966.32,4977.33,8156
2024-08-28T00:00:00+00:00,4977.33,5005.48,4967.46,4987.02,8675
2024-08-29T00:00:00+00:00,4987.02,5052.41,4979.94,5014.96,13705.97633745123
2024-08-30T00:00:00+00:00,5014.96,5050.77,5009.76,5036.3,8327
2024-09-02T00:00:00+00:00,5036.3,5048.51,4992.29,5047.5,5147.771869639794
2024-09-03T00:00:00+00:00,5047.5,5059.97,4944.95,4955,15051
2024-09-04T00:00:00+00:00,4955,4955,4904.599999999999,4916.13,17776
2024-09-05T00:00:00+00:00,4916.13,4925.24,4875.24,4888.3,18226
2024-09-06T00:00:00+00:00,4888.3,4897.82,4790.8,4794.86,26349
2024-09-09T00:00:00+00:00,4794.86,4868.9,4794.36,4860.889999999999,12526.604591836734
2024-09-10T00:00:00+00:00,4860.889999999999,4874.32,4793.37,4835.36,16886
2024-09-11T00:00:00+00:00,4835.36,4889.86,4804.84,4887.389999999999,22573
2024-09-12T00:00:00+00:00,4887.389999999999,4906.38,4850.37,4898.37,18037
2024-09-13T00:00:00+00:00,4898.37,4923.94,4885.92,4916.97,10854
2024-09-16T00:00:00+00:00,4916.97,4925.38,4890.37,4920.41,10903
2024-09-17T00:00:00+00:00,4920.41,4950.929999999999,4903.88,4924.88,15517
2024-09-18T00:00:00+00:00,4924.88,4960.34,4900.32,4914.37,24652
2024-09-19T00:00:00+00:00,4914.37,5024.3099999999995,4914.37,5009.37,16358.047510110064
2024-09-20T00:00:00+00:00,5009.37,5009.37,4939.47,4947.53,14535
2024-09-23T00:00:00+00:00,4947.53,4973.73,4927.71,4971.72,11198
2024-09-24T00:00:00+00:00,4971.72,5030.38,4971.72,5016.91,9982
2024-09-25T00:00:00+00:00,5016.91,5016.91,4981.389999999999,4990.389999999999,8930
2024-09-26T00:00:00+00:00,4990.389999999999,5125.05,4990.389999999999,5121.08,10313
2024-09-27T00:00:00+00:00,5121.08,5152.23,5108.23,5129.22,10796
2024-09-30T00:00:00+00:00,5129.22,5145.87,5069.8099999999995,5093.88,10399
2024-10-01T00:00:00+00:00,5093.88,5101.95,5011.929999999999,5039.94,20850
2024-10-02T00:00:00+00:00,5039.94,5064.8099999999995,5009.83,5036.88,14576
2024-10-03T00:00:00+00:00,5036.88,5036.88,4986.28,4997.83,16757
2024-10-04T00:00:00+00:00,4997.83,5057.97,0,4984.82,14783
2024-10-07T00:00:00+00:00,4984.82,4987.32,4936.86,4959.92,12165.086707386952
2024-10-08T00:00:00+00:00,4959.92,4971.92,4915.87,4967.91,10339.530320366133
2024-10-09T00:00:00+00:00,4967.91,5001.5,4935.48,4996.5,8565.427937915743
2024-10-10T00:00:00+00:00,4996.5,4999,4958.21,4986.78,9343.648090432389
2024-10-11T00:00:00+00:00,4986.78,5020.69,4958.68,5017.67,8011.858477970627
2024-10-14T00:00:00+00:00,5017.67,5069.4,5010.38,5065.45,6718.961887571179
2024-10-15T00:00:00+00:00,5065.45,5075.76,4928.76,4943.78,12088
2024-10-16T00:00:00+00:00,4943.78,4944.28,4907.31,4925.38,8805.293178519594
2024-10-17T00:00:00+00:00,4925.38,4979.51,4914.49,4955.04,10063.21722113503
2024-10-18T00:00:00+00:00,4955.04,5000.01,4945.99,4997.54,6125.801200300075
2024-10-21T00:00:00+00:00,4997.54,5000.75,4948.68,4962.23,7928.637979420018
2024-10-22T00:00:00+00:00,4962.23,4974.68,4918.66,4950.67,9841.256034482758
2024-10-23T00:00:00+00:00,4950.67,4954.16,4904.14,4919.69,9632.722834645669
2024-10-24T00:00:00+00:00,4919.69,4984.29,4919.69,4948.84,9901.904836193447
2024-10-25T00:00:00+00:00,4948.84,4969.74,4929.77,4944.27,10620.407079646018
2024-10-28T00:00:00+00:00,4944.27,5000.49,4943.27,4992.54,9220.298578199052
2024-10-29T00:00:00+00:00,4992.54,5024.42,4966.96,4966.96,9409.468275245756
2024-10-30T00:00:00+00:00,4966.96,4968.46,4885.25,4899.26,11929.275449101797
2024-10-31T00:00:00+00:00,4899.26,4899.26,4816.48,4842.5,12263.168466522679
2024-11-01T00:00:00+00:00,4842.5,4903.2,4834.19,4875.16,9625.916666666668
2024-11-04T00:00:00+00:00,4875.16,4911.21,4852.2,4857.24,9863.262411347518
2024-11-05T00:00:00+00:00,4857.24,4896.21,4851.21,4885.76,9429.631406761178
2024-11-06T00:00:00+00:00,4885.76,4966.54,4803.52,4829.59,27359.26953981008
2024-11-07T00:00:00+00:00,4829.59,4890.33,4813.31,4886.88,12412.100950987564
2024-11-08T00:00:00+00:00,4886.88,4888.38,4805.05,4832.06,9761.036363636364
2024-11-11T00:00:00+00:00,4832.06,4896.93,4829.56,4863.49,7424.893893893894
2024-11-12T00:00:00+00:00,4863.49,4866.99,4748.17,4770.23,10633.935414424112
2024-11-13T00:00:00+00:00,4770.23,4784.89,4721.88,4771.94,11413.801061007958
2024-11-14T00:00:00+00:00,4771.94,4861.32,4756.32,4838.85,11739.153977758768
2024-11-15T00:00:00+00:00,4838.85,4854.38,4797.38,4815.43,13120.340359094458
2024-11-18T00:00:00+00:00,4815.43,4823.43,4774.36,4796.91,10393.098937040066
2024-11-19T00:00:00+00:00,4796.91,4818.37,4703.3,4769.86,15870.48141891892
2024-11-20T00:00:00+00:00,4769.86,4807.43,4733.41,4766.98,11626.38215102975
2024-11-21T00:00:00+00:00,4766.98,4789.41,4705.39,4788.4,16403.483724451173
2024-11-22T00:00:00+00:00,4788.4,4826.34,4745.3,4820.31,13379.452442159383
2024-11-25T00:00:00+00:00,4820.31,4854.87,4799.85,4804.91,11058.556408288565
2024-11-26T00:00:00+00:00,4804.91,4815.27,4766.28,4780.28,10314.48794489093
2024-11-27T00:00:00+00:00,4780.28,4787.74,4724.73,4761.79,10589.988532110092
2024-11-28T00:00:00+00:00,4761.79,4799.17,4760.79,4780.72,6357.061339394096
2024-11-29T00:00:00+00:00,4780.72,4830.47,4756.47,4812.53,7641.8848580441645
2024-12-02T00:00:00+00:00,4812.53,4873.65,4765.63,4869.65,11695.857916102843
2024-12-03T00:00:00+00:00,4869.65,4915.96,4858.94,4889.99,7318.359949302915
2024-12-04T00:00:00+00:00,4889.99,4940.33,4881.39,4919.34,6520.962521294719
2024-12-05T00:00:00+00:00,4919.34,4961.2,4908.19,4949.21,6463.37806451613
2024-12-06T00:00:00+00:00,4949.21,4998.13,4949.11,4981.18,5516.429730211552
2024-12-09T00:00:00+00:00,4981.18,5016.89,4975.88,4983.89,6593.991354466859
2024-12-10T00:00:00+00:00,4983.89,4996.81,4956.79,4959.35,5828.3744186046515
2024-12-11T00:00:00+00:00,4959.35,4991.79,4955.77,4987.83,6497.726507713885
2024-12-12T00:00:00+00:00,4987.83,4990.23,4967.22,4973.21,6583.344936708861
2024-12-13T00:00:00+00:00,4973.21,5009.27,4968.26,4983.3,6341
2024-12-16T00:00:00+00:00,4983.3,4983.3,4955.51,4963.08,5316.487833140209
2024-12-17T00:00:00+00:00,4963.08,4987.94,4944.94,4964.49,5816.937732428487
2024-12-18T00:00:00+00:00,4964.49,4985.91,4894.84,4901.84,14053.510804536862
2024-12-19T00:00:00+00:00,4901.84,4921.76,4879.74,4885.81,17481.37470045752
2024-12-20T00:00:00+00:00,4885.81,4910.61,4831.59,4886.65,15872.510752688173
2024-12-23T00:00:00+00:00,4886.65,4906.43,4862.41,4903.42,7525.6858190709045
2024-12-27T00:00:00+00:00,4903.42,4925.06,4872.05,4920.11,8146.808035714286
2024-12-30T00:00:00+00:00,4920.11,4927.56,4872.61,4885.1,9765.07081339713
2025-01-02T00:00:00+00:00,4885.1,4951.17,4872.17,4921.7,15879.636507936508
2025-01-03T00:00:00+00:00,4921.7,4945.82,4886.81,4903.82,8974.577845612715
2025-01-06T00:00:00+00:00,4903.82,5026.18,4903.82,4991.16,11560.071065989847
2025-01-07T00:00:00+00:00,4991.16,5065.26,4989.26,5030.8,12444.452631578948
2025-01-08T00:00:00+00:00,5030.8,5065.28,4994.26,5024.32,19735.28323699422
2025-01-09T00:00:00+00:00,5024.32,5050.23,4993.21,5044.77,6721.4843049327355
2025-01-10T00:00:00+00:00,5044.77,5060.45,4997.43,5012.99,19454.14932885906
2025-01-13T00:00:00+00:00,5012.99,5014.99,4939.9,5002.44,13687.290450450451
2025-01-14T00:00:00+00:00,5002.44,5037.43,4989.42,5007.42,12939.177589981497
2025-01-15T00:00:00+00:00,5007.42,5079.49,4998.48,5060.53,10603.53490750365
2025-01-16T00:00:00+00:00,5060.53,5139.19,5056.03,5123.24,10415.495726580377
2025-01-17T00:00:00+00:00,5123.24,5179.75,5123.24,5163.75,7874.826270182427
2025-01-20T00:00:00+00:00,5163.75,5202.42,5141.46,5185.47,9006.895599422
2025-01-21T00:00:00+00:00,5185.47,5197.31,5163.3,5196.34,7694.465844169527
2025-01-22T00:00:00+00:00,5196.34,5248.72,5190.7,5211.27,6830.9360425289415
2025-01-23T00:00:00+00:00,5211.27,5260.5,5205.95,5260.5,6463.946035038811
2025-01-24T00:00:00+00:00,5260.5,5281.87,5227.86,5230.91,7226.476341515657
2025-01-27T00:00:00+00:00,5230.91,5235.1,5154.08,5234.63,18771.798995310404
2025-01-28T00:00:00+00:00,5234.63,5243.69,5194.72,5227.72,10990.008429069367
2025-01-29T00:00:00+00:00,5227.72,5265.58,5223.22,5251.62,12093.291077679722
2025-01-30T00:00:00+00:00,5251.62,5325.89,5247.12,5306.94,9056.764452337547
2025-01-31T00:00:00+00:00,5306.94,5331.05,5265.03,5275.6,13148.04031991362
2025-02-03T00:00:00+00:00,5275.6,5276.6,5157.28,5219.83,29592.40257425937
2025-02-04T00:00:00+00:00,5219.83,5286.29,5207.27,5276.83,13595.653398230172
2025-02-05T00:00:00+00:00,5276.83,5302.48,5249.47,5297.03,8458.654290532257
2025-02-06T00:00:00+00:00,5297.03,5378.83,5295.81,5359.38,10388.781846543
2025-02-07T00:00:00+00:00,5359.38,5371.92,5317.92,5322.95,15317.342079714852
2025-02-10T00:00:00+00:00,5322.95,5377.32,5321.95,5376.87,6033.785294838139
2025-02-11T00:00:00+00:00,5376.87,5416.1,5360.08,5412.1,7320.573500095039
2025-02-12T00:00:00+00:00,5412.1,5456.38,5367.38,5451.42,11600.085516881114
2025-02-13T00:00:00+00:00,5451.42,5506.22,5439.22,5473.79,16167.57618840074
2025-02-14T00:00:00+00:00,5473.79,5524.31,5473.79,5486.37,7746.317520978628
2025-02-17T00:00:00+00:00,5486.37,5538.5,5485.37,5536.53,4209.314301057722
2025-02-18T00:00:00+00:00,5536.53,5553.66,5514.65,5548.67,6451.137177023777
2025-02-19T00:00:00+00:00,5548.67,5554.54,5456.58,5468.58,7983.92855893591
2025-02-20T00:00:00+00:00,5468.58,5508.11,5461.14,5472.16,9389.252662750834
2025-02-21T00:00:00+00:00,5472.16,5493.39,5434.37,5447.93,11237.792717563716
2025-02-24T00:00:00+00:00,5447.93,5514.57,5435.55,5437.12,16053.65537388236
2025-02-25T00:00:00+00:00,5437.12,5493.5,5423.54,5475.04,20470.17909248806
2025-02-26T00:00:00+00:00,5475.04,5541.92,5469.54,5494.47,13338.587364580198
2025-02-27T00:00:00+00:00,5494.47,5511.18,5435.17,5439.24,19059.982686915435
2025-02-28T00:00:00+00:00,5439.24,5478.19,5400.18,5463.73,21674.467243510506
2025-03-03T00:00:00+00:00,5463.73,5571.42,5434.45,5504.95,34853.497354497355
2025-03-04T00:00:00+00:00,5504.95,5504.95,5367.71,5445.77,34913.26337662338
2025-03-05T00:00:00+00:00,5445.77,5545.33,5445.77,5535.36,35047.85956964892
2025-03-06T00:00:00+00:00,5535.36,5567.13,5453.12,5482.67,38757.97930677703
2025-03-07T00:00:00+00:00,5482.67,5534.59,5440.57,5529.14,38495.77236455271
2025-03-10T00:00:00+00:00,5529.14,5532.14,5348.82,5393.81,40194.48227536648
2025-03-11T00:00:00+00:00,5393.81,5435.78,5290.77,5341.84,50070.1337983513
2025-03-12T00:00:00+00:00,5341.84,5419.21,5329.7,5363.26,32331.598998202368
2025-03-13T00:00:00+00:00,5363.26,5396.54,5311.53,5322.03,35344.33542790864
2025-03-14T00:00:00+00:00,5322.03,5434.91,5317.89,5424.39,28102.923250884425
2025-03-17T00:00:00+00:00,5424.39,5478.96,5386.94,5471.51,18456.055551457
2025-03-18T00:00:00+00:00,5471.51,5505.3,5461.79,5487.34,26410.86470268158
2025-03-19T00:00:00+00:00,5487.34,5530.65,5450.66,5516.2,19688.739658911676
2025-03-20T00:00:00+00:00,5516.2,5520.03,5435.01,5453.57,22924.840137109368
2025-03-21T00:00:00+00:00,5453.57,5473.95,5419.93,5445.93,21333.711951594047
2025-03-24T00:00:00+00:00,5445.93,5501.47,5428.97,5448.96,15209.187027589149
2025-03-25T00:00:00+00:00,5448.96,5529.02,5444.01,5517.06,11545.946944243315
2025-03-26T00:00:00+00:00,5517.06,5532.61,5411.59,5423.6,15801.798851144496
2025-03-27T00:00:00+00:00,5423.6,5434.9,5373.4,5411.4,19119.711143944733
2025-03-28T00:00:00+00:00,5411.4,5415.4,5352.94,5362.96,21110.99560457577
2025-03-31T00:00:00+00:00,5362.96,5367.46,5263.03,5319.05,23156.57458234519
2025-04-01T00:00:00+00:00,5319.05,5380.54,5314.03,5364.09,22343.6065773447
2025-04-02T00:00:00+00:00,5364.09,5368.14,5302.14,5355.7,23122.749750747756
2025-04-03T00:00:00+00:00,5355.7,5363.2,5145.01,5151.57,48706.79062159215
2025-04-04T00:00:00+00:00,5151.57,5169.2,4874.69,4883.24,94715.66274179984
2025-04-07T00:00:00+00:00,4883.24,5087.26,4572.21,4786.28,152917.16772994158
2025-04-08T00:00:00+00:00,4786.28,4929.75,4661.75,4721.8,87514.43269230769
2025-04-09T00:00:00+00:00,4721.8,5084.05,4655.58,5042.6,126846.10966623321
2025-04-10T00:00:00+00:00,5042.6,5064.07,4743.57,4862.13,99520.89019393608
2025-04-11T00:00:00+00:00,4862.13,4918.3,4750.8,4898.37,81852.7980553478
2025-04-14T00:00:00+00:00,4898.37,4961.59,4870.07,4920.14,39838.778169014084
2025-04-15T00:00:00+00:00,4920.14,5003.42,4911.42,4982.95,30348.081644815255
2025-04-16T00:00:00+00:00,4982.95,5000.52,4905.5,4934.05,31951.86509715994
2025-04-17T00:00:00+00:00,4934.05,5007.1,4931.05,4971.65,32156.99293727847
2025-04-22T00:00:00+00:00,4971.65,5026.99,4923.5,5023.03,24641.736505681816
2025-04-23T00:00:00+00:00,5023.03,5170.22,5023.03,5131.27,40285.48698537848
2025-04-24T00:00:00+00:00,5131.27,5175.09,5080.08,5173.64,22304.075748790325
2025-04-25T00:00:00+00:00,5173.64,5224.39,5161.39,5221.45,22740.8026378092
2025-04-28T00:00:00+00:00,5221.45,5234.04,5184.03,5206.59,15803.579132671732
2025-04-29T00:00:00+00:00,5206.59,5213.06,5166.04,5208.61,14222.056871413086
2025-04-30T00:00:00+00:00,5208.61,5213.41,5126.9,5201.46,24726.7190997108
2025-05-02T00:00:00+00:00,5201.46,5327.05,5198.46,5319.6,17785.573570766577
2025-05-05T00:00:00+00:00,5319.6,5323.6,5278.2,5299.27,8292.926225679676
2025-05-06T00:00:00+00:00,5299.27,5314.01,5228.51,5262.52,16590.79045548932
2025-05-07T00:00:00+00:00,5262.52,5288.14,5238.13,5275.18,21886.732847570926
2025-05-08T00:00:00+00:00,5275.18,5338.09,5271.18,5315.12,18133.754066361755
2025-05-09T00:00:00+00:00,5315.12,5346.16,5315.12,5339.7,12662.294071966506
2025-05-12T00:00:00+00:00,5339.7,5444.45,5336.7,5435.5,22084.06585507836
2025-05-13T00:00:00+00:00,5435.5,5443.32,5404.3,5426.36,10224.998745376342
2025-05-14T00:00:00+00:00,5426.36,5438.63,5391.13,5419.19,11008.90471115714
2025-05-15T00:00:00+00:00,5419.19,5439.08,5380.06,5437.11,10329.13962548441
2025-05-16T00:00:00+00:00,5437.11,5468.41,5423.36,5467.42,8224.632700826263
2025-05-19T00:00:00+00:00,5467.42,5470.55,5400.01,5469.56,8638.417754685197
2025-05-20T00:00:00+00:00,5469.56,5482.39,5436.39,5470.89,8098.851361470017
2025-05-21T00:00:00+00:00,5470.89,5470.89,5405.15,5417.21,15357.945171478172
2025-05-22T00:00:00+00:00,5417.21,5450.45,5389.44,5434.99,11333.046737065097
2025-05-23T00:00:00+00:00,5434.99,5444.82,5253.33,5328.39,31921.459139753402
2025-05-26T00:00:00+00:00,5328.39,5412.96,5322.89,5406.45,5484.646017144023
2025-05-27T00:00:00+00:00,5406.45,5446.1,5395.09,5437.14,7216.596897142154
2025-05-28T00:00:00+00:00,5437.14,5437.64,5379.89,5388.44,8866.478426565958
2025-05-29T00:00:00+00:00,5388.44,5446.78,5353.76,5376.33,12201.21131794568
2025-05-30T00:00:00+00:00,5376.33,5411.62,5339.6,5375.67,16201.954807678674
2025-06-02T00:00:00+00:00,5375.67,5398.14,5316.57,5397.63,14563.63342460711
2025-06-03T00:00:00+00:00,5397.63,5398.13,5334.41,5391.41,11377.214136402967
2025-06-04T00:00:00+00:00,5391.41,5433.73,5391.41,5409.77,10317.009058039594
2025-06-05T00:00:00+00:00,5409.77,5438.04,5375.53,5390.1,20160.821490070055
2025-06-06T00:00:00+00:00,5390.1,5438.96,5389.6,5427.51,9793.96076174268
2025-06-09T00:00:00+00:00,5427.51,5430.78,5399.79,5408.8099999999995,6570.073183555702
2025-06-10T00:00:00+00:00,5408.8099999999995,5433.129999999999,5399.12,5427.16,9958.202855339423
2025-06-11T00:00:00+00:00,5427.16,5443.9,5375.9,5384.95,15454.151294137073
2025-06-12T00:00:00+00:00,5384.95,5390.219999999999,5334.2,5373.259999999999,11924.728408712215
2025-06-13T00:00:00+00:00,5373.259999999999,5376.759999999999,5267.549999999999,5284.5599999999995,19845.685958731756
2025-06-16T00:00:00+00:00,5284.5599999999995,5361.379999999999,5284.5599999999995,5331.45,9214.125293417696
2025-06-17T00:00:00+00:00,5331.45,5331.45,5266.66,5273.219999999999,15000.607907833399
2025-06-18T00:00:00+00:00,5273.219999999999,5311.179999999999,5264.169999999999,5278.74,17606.4064762753
2025-06-19T00:00:00+00:00,5278.74,5280.24,5202.959999999999,5224.0199999999995,10016.742781510098
2025-06-20T00:00:00+00:00,5224.0199999999995,5302.969999999999,5223.5199999999995,5243.0199999999995,14975.188769256563
2025-06-23T00:00:00+00:00,5243.0199999999995,5281.15,5211.139999999999,5278.69,16999.269726466842
2025-06-24T00:00:00+00:00,5278.69,5359.28,5277.69,5342.849999999999,13087.465460999594
2025-06-25T00:00:00+00:00,5342.849999999999,5351.28,5274.2699999999995,5284.83,7816.895831496688
2025-06-26T00:00:00+00:00,5284.83,5306.8099999999995,5252.799999999999,5297.839999999999,7414.256425044278
2025-06-27T00:00:00+00:00,5297.839999999999,5372.629999999999,5295.839999999999,5363.66,9403.404268838052
2025-06-30T00:00:00+00:00,5363.66,5385.0599999999995,5332.04,5347.599999999999,8242.257935298769
2025-07-01T00:00:00+00:00,5347.599999999999,5352.4,5304.389999999999,5329.429999999999,8784.929300511938
2025-07-02T00:00:00+00:00,5329.429999999999,5370.75,5326.259999999999,5367.82,8547.839610798968
2025-07-03T00:00:00+00:00,5367.82,5392.98,5344.959999999999,5379.98,5751.9791907284825
2025-07-04T00:00:00+00:00,5379.98,5379.98,5310.25,5314.799999999999,6965.762906108876
2025-07-07T00:00:00+00:00,5314.799999999999,5398.83,5314.799999999999,5366.879999999999,11004.693351856256
2025-07-08T00:00:00+00:00,5366.879999999999,5434.919999999999,5366.879999999999,5429.95,8249.593437625734
2025-07-09T00:00:00+00:00,5429.95,5511.5599999999995,5418.54,5508.5599999999995,7147.314920792558
2025-07-10T00:00:00+00:00,5508.5599999999995,5515.03,5478.04,5481.04,6012.2203443923245
2025-07-11T00:00:00+00:00,5481.04,5482.04,5407.28,5418.299999999999,8257.703332571393
2025-07-14T00:00:00+00:00,5418.299999999999,5427.339999999999,5364.82,5423.37,6523.6073554089535
2025-07-15T00:00:00+00:00,5423.37,5443.16,5393.16,5395.209999999999,9246.918076941678
2025-07-16T00:00:00+00:00,5395.209999999999,5398.209999999999,5330.49,5392.0599999999995,12495.858303547806
2025-07-17T00:00:00+00:00,5392.0599999999995,5434.929999999999,5384.919999999999,5430.429999999999,7140.352669483
2025-07-18T00:00:00+00:00,5430.429999999999,5452.48,5383.48,5387.469999999999,7364.57628738409
2025-07-21T00:00:00+00:00,5387.469999999999,5405.599999999999,5362.599999999999,5372.639999999999,5601.330455225507
2025-07-22T00:00:00+00:00,5372.639999999999,5373.94,5322.94,5348.509999999999,8734.921344790473
2025-07-23T00:00:00+00:00,5348.509999999999,5465.8099999999995,5346.509999999999,5465.8099999999995,12389.068962919959
2025-07-24T00:00:00+00:00,5465.8099999999995,5468.87,5383.849999999999,5393.9,8073.878074719721
2025-07-25T00:00:00+00:00,5393.9,5421.599999999999,5362.089999999999,5418.58,8432.269479386348
2025-07-28T00:00:00+00:00,5418.58,5479.28,5374.259999999999,5387.8099999999995,9465.528135740402
2025-07-29T00:00:00+00:00,5387.8099999999995,5463.11,5387.3099999999995,5430.15,7784.414972141818
2025-07-30T00:00:00+00:00,5430.15,5458.7699999999995,5414.75,5454.799999999999,10715.953022595895
2025-07-31T00:00:00+00:00,5454.799999999999,5481.5199999999995,5355.5199999999995,5371.07,14675.052972927855
2025-08-01T00:00:00+00:00,5371.07,5374.07,5211.469999999999,5235.0199999999995,27152.101962379442
2025-08-04T00:00:00+00:00,5235.0199999999995,5306.099999999999,5234.0199999999995,5247.68,7315.419856664106
2025-08-05T00:00:00+00:00,5247.68,5271.73,5233.23,5253.78,8343.610059026905
2025-08-06T00:00:00+00:00,5253.78,5283.49,5249.99,5265.04,6792.129208767763
2025-08-07T00:00:00+00:00,5265.04,5359.16,5265.04,5337.72,13328.550638865037
2025-08-08T00:00:00+00:00,5337.72,5368.61,5325.61,5361.67,6076.964763209218
2025-08-11T00:00:00+00:00,5361.67,5376.95,5326.93,5338.98,5035.454850661247
2025-08-12T00:00:00+00:00,5338.98,5357.81,5312.24,5357.79,6557.986082966529
2025-08-13T00:00:00+00:00,5357.79,5403.04,5351.02,5402.09,4942.306609384804
2025-08-14T00:00:00+00:00,5402.09,5456.22,5380.7,5452.77,5362.0527404184895
2025-08-15T00:00:00+00:00,5452.77,5475.41,5446.39,5461.96,4691.0289001656765
2025-08-18T00:00:00+00:00,5461.96,5471.25,5410.25,5442.26,5284.058294119501
2025-08-19T00:00:00+00:00,5442.26,5490.58,5439.56,5468.61,5302.520281009679
2025-08-20T00:00:00+00:00,5468.61,5495.27,5450.77,5479.84,8553.771862339981
2025-08-21T00:00:00+00:00,5479.84,5480.84,5440.08,5463.13,6692.571678065147
2025-08-22T00:00:00+00:00,5463.13,5514.41,5445.4,5490.44,8011.1843888674075
2025-08-25T00:00:00+00:00,5490.44,5490.44,5432.23,5432.8,5085.61754894582
2025-08-26T00:00:00+00:00,5432.8,5437.8,5375.76,5399.82,7577.150022533094
2025-08-27T00:00:00+00:00,5399.82,5400.13,5361.13,5391.69,6474.190592871381
2025-08-28T00:00:00+00:00,5391.69,5426.43,5373.41,5395.91,6320.377353574663
2025-08-29T00:00:00+00:00,5395.91,5397.91,5346.7,5357.26,7874.788554140967
2025-09-01T00:00:00+00:00,5357.26,5379.61,5357.26,5371.61,4756.065058136675
2025-09-02T00:00:00+00:00,5371.61,5375.39,5290.37,5327.43,14417.320616590228
2025-09-03T00:00:00+00:00,5327.43,5347.75,5309.73,5337.78,9069.580168506254
2025-09-04T00:00:00+00:00,5337.78,5362.5,5320.48,5357.53,7298.804462557452
2025-09-05T00:00:00+00:00,5357.53,5374.27,5298.26,5328.31,12668.860344477984
2025-09-08T00:00:00+00:00,5328.31,5369.15,5327.31,5360.19,5540.734602512866
2025-09-09T00:00:00+00:00,5360.19,5387.41,5343.41,5380.46,7311.27371683953
2025-09-10T00:00:00+00:00,5380.46,5413.69,5353.67,5359.24,7927.31282727865
2025-09-11T00:00:00+00:00,5359.24,5405.96,5353.96,5401.51,6859.248931505412
2025-09-12T00:00:00+00:00,5401.51,5402.24,5358.24,5396.26,6885.023835561995
2025-09-15T00:00:00+00:00,5396.26,5451.12,5396.26,5443.1,8419.516350099948
2025-09-16T00:00:00+00:00,5443.1,5457.4,5376.4,5393.95,9690.016895488972
2025-09-17T00:00:00+00:00,5393.95,5402.2,5362.18,5383.23,18579.39857803865
2025-09-18T00:00:00+00:00,5383.23,5472.99,5381.23,5463.04,12636.393026574058
2025-09-19T00:00:00+00:00,5463.04,5509.49,5461.04,5483.47,9173.171590540189
2025-09-22T00:00:00+00:00,5483.47,5485.05,5442.03,5468.1,8065.0586244890455
2025-09-23T00:00:00+00:00,5468.1,5514.43,5463.42,5476.97,9070.501853275595
2025-09-24T00:00:00+00:00,5476.97,5504.07,5470.55,5487.57,9817.189754961933
2025-09-25T00:00:00+00:00,5487.57,5496.87,5436.89,5484.93,13381.588881368061
2025-09-26T00:00:00+00:00,5484.93,5532.95,5481.43,5530,9423.74391991165
2025-09-29T00:00:00+00:00,5530,5565.12,5525.11,5541.11,8610.540880952924
2025-09-30T00:00:00+00:00,5541.11,5576.87,5511.36,5573.43,8544.484583725807
2025-10-01T00:00:00+00:00,5573.43,5645.46,5532.46,5637.03,8527.976206001907
2025-10-02T00:00:00+00:00,5637.03,5706.67,5637.03,5686.7,9881.188720145472
2025-10-03T00:00:00+00:00,5686.7,5696.18,5669.16,5681.72,7858.3939679389605
2025-10-06T00:00:00+00:00,5681.72,5683.57,5631.530000000001,5664.09,9905.268904151748
2025-10-07T00:00:00+00:00,5664.09,5668.46,5624.9400000000005,5627.01,7087.166663589382
2025-10-08T00:00:00+00:00,5627.01,5679.330000000001,5619.830000000001,5673.84,6605.268618083578
2025-10-09T00:00:00+00:00,5673.84,5685.46,5634.44,5645.5,7191.314138964423
2025-10-10T00:00:00+00:00,5645.5,5671.349999999999,5519.859999999999,5524.399999999999,26175.76473333633
2025-10-13T00:00:00+00:00,5524.399999999999,5610.089999999999,5520.399999999999,5592.119999999998,11485.150440294155
2025-10-14T00:00:00+00:00,5592.119999999998,5620.459999999998,5499.459999999998,5606.499999999999,19305.860999007313
2025-10-15T00:00:00+00:00,5606.499999999999,5653.819999999999,5572.809999999999,5612.889999999999,13207.640079524803
2025-10-16T00:00:00+00:00,5612.889999999999,5671.439999999999,5599.419999999999,5637.98,20140.381414012525
2025-10-17T00:00:00+00:00,5637.98,5662.549999999999,5565.0599999999995,5657.58,26553.79015774581
2025-10-20T00:00:00+00:00,5657.58,5708.12,5644.11,5705.16,7872.933610201558
2025-10-21T00:00:00+00:00,5705.16,5709.169999999999,5677.2,5677.2,6520.458037308409
2025-10-22T00:00:00+00:00,5677.2,5689.959999999999,5604.95,5638.99,14859.424829346051
2025-10-23T00:00:00+00:00,5638.99,5685.91,5638.49,5679.459999999999,7335.597101728548
2025-10-24T00:00:00+00:00,5679.459999999999,5709.099999999999,5655.15,5672.629999999999,6878.273493790719
2025-10-27T00:00:00+00:00,5672.629999999999,5723.48,5672.129999999999,5721.48,4926.435239760293
2025-10-28T00:00:00+00:00,5721.48,5722.98,5695.28,5707.29,5343.368817879015
2025-10-29T00:00:00+00:00,5707.29,5745.629999999999,5688.62,5718.679999999999,13560.40821558831
2025-10-30T00:00:00+00:00,5718.679999999999,5728.79,5675.7699999999995,5705.78,12940.937671423582
2025-10-31T00:00:00+00:00,5705.78,5713.089999999999,5659.57,5674.58,8577.183550749118
2025-11-03T00:00:00+00:00,5674.58,5720.299999999999,5671.299999999999,5692.82,6406.782961571839
2025-11-04T00:00:00+00:00,5692.82,5694.32,5588.259999999999,5650.33,11818.00093388105
2025-11-05T00:00:00+00:00,5650.33,5694.589999999999,5615.08,5686.62,8838.543207374862
2025-11-06T00:00:00+00:00,5686.62,5687.12,5605.849999999999,5618.41,13839.109745198897
2025-11-07T00:00:00+00:00,5618.41,5639.3099999999995,5558.29,5621.79,15023.684143580145
2025-11-10T00:00:00+00:00,5621.79,5707.3099999999995,5621.29,5704.849999999999,8018.09966385548
2025-11-11T00:00:00+00:00,5704.849999999999,5751.9,5685.889999999999,5744.879999999999,6080.674176367367
2025-11-12T00:00:00+00:00,5744.879999999999,5810.08,5744.879999999999,5798.62,7206.332128483874
2025-11-13T00:00:00+00:00,5798.62,5823.759999999999,5714.24,5732.3099999999995,13368.717406301454
2025-11-14T00:00:00+00:00,5732.3099999999995,5741.65,5638.15,5691.15,16947.637163067502
2025-11-17T00:00:00+00:00,5691.15,5709.66,5595.65,5617.709999999999,16865.337940623016
2025-11-18T00:00:00+00:00,5617.709999999999,5619.709999999999,5504.82,5540.879999999999,29324.98758498374
2025-11-19T00:00:00+00:00,5540.879999999999,5579.82,5500.799999999999,5560.349999999999,18846.61539034371
2025-11-20T00:00:00+00:00,5560.349999999999,5622.599999999999,5477.589999999999,5482.65,39319.96673184179
2025-11-21T00:00:00+00:00,5482.65,5561.87,5472.849999999999,5541.919999999999,35947.22936616507
2025-11-24T00:00:00+00:00,5541.919999999999,5562.259999999999,5503.24,5528.29,14112.374895726318
2025-11-25T00:00:00+00:00,5528.29,5597.54,5505.5199999999995,5593.57,15413.673854475694
2025-11-26T00:00:00+00:00,5593.57,5661.79,5586.7699999999995,5652.7699999999995,10070.005112385277
2025-11-27T00:00:00+00:00,5652.7699999999995,5666.99,5637.969999999999,5655.0199999999995,5499.268466375421
2025-11-28T00:00:00+00:00,5655.0199999999995,5679.78,5639.7699999999995,5672.839999999999,4646.417149775776
2025-12-01T00:00:00+00:00,5672.839999999999,5688.169999999999,5621.66,5667.709999999999,12027.57264116211
2025-12-02T00:00:00+00:00,5667.709999999999,5714.0599999999995,5666.209999999999,5699.599999999999,10364.573626731268
2025-12-03T00:00:00+00:00,5699.599999999999,5723.839999999999,5673.339999999999,5713.32,10513.203987142468
2025-12-04T00:00:00+00:00,5713.32,5730.629999999999,5699.619999999999,5718.19,9248.692802068788
2025-12-05T00:00:00+00:00,5718.19,5745.929999999999,5712.909999999999,5715.469999999999,6507.964629206907
2025-12-08T00:00:00+00:00,5715.469999999999,5729.339999999999,5705.32,5715.389999999999,7042.232752929636
2025-12-09T00:00:00+00:00,5715.389999999999,5748.65,5699.629999999999,5702.69,6431.501236102063
2025-12-10T00:00:00+00:00,5702.69,5736.959999999999,5683.44,5727.99,11973.80079483214
2025-12-11T00:00:00+00:00,5727.99,5768.7699999999995,5676.249999999999,5763.749999999999,8592.865731749547
2025-12-12T00:00:00+00:00,5763.749999999999,5785.0599999999995,5702.039999999999,5719.599999999999,13358.220068089764
2025-12-15T00:00:00+00:00,5719.599999999999,5752.999999999999,5719.599999999999,5741.98,11091.733318084182
2025-12-16T00:00:00+00:00,5741.98,5750.289999999999,5697.78,5723.289999999999,16547.054527857075
2025-12-17T00:00:00+00:00,5723.289999999999,5738.589999999999,5659.589999999999,5661.659999999999,16108.16694078696
2025-12-18T00:00:00+00:00,5661.659999999999,5740.909999999999,5661.159999999999,5714.949999999999,17569.6270775985
2025-12-19T00:00:00+00:00,5714.949999999999,5772.379999999999,5713.949999999999,5754.369999999999,6253.727611926686
2025-12-22T00:00:00+00:00,5754.369999999999,5770.209999999999,5729.19,5744.249999999999,4530.476420098476
2025-12-23T00:00:00+00:00,5744.249999999999,5751.589999999999,5724.57,5744.619999999999,3848.237929864175
2025-12-29T00:00:00+00:00,5744.619999999999,5770.429999999999,5731.409999999999,5751.959999999999,5053.167282546726
2025-12-30T00:00:00+00:00,5751.959999999999,5820.759999999999,5742.74,5801.789999999999,3655.461773115857
2026-01-02T00:00:00+00:00,5801.789999999999,5861.98,5774.909999999999,5861.469999999999,11031.239425153377
2026-01-05T00:00:00+00:00,5861.469999999999,5923.119999999999,5860.969999999999,5917.65,7065.1132751224
2026-01-06T00:00:00+00:00,5917.65,5943.119999999999,5887.639999999999,5937.179999999999,5305.090715186565
2026-01-07T00:00:00+00:00,5937.179999999999,5945.94,5911.44,5922.49,6242.027963792943
2026-01-08T00:00:00+00:00,5922.49,5933.289999999999,5893.28,5923.349999999999,7880.4305390794225
2026-01-09T00:00:00+00:00,5923.349999999999,6004.619999999999,5916.599999999999,6002.669999999999,7179.525659489813
2026-01-12T00:00:00+00:00,6002.669999999999,6034.61,5968.61,6033.659999999999,4591.344252510649
2026-01-13T00:00:00+00:00,6033.659999999999,6040.369999999999,6003.36,6022.86,6616.211629090357
2026-01-14T00:00:00+00:00,6022.86,6050.659999999999,5997.639999999999,6018.209999999999,8994.536754151344
2026-01-15T00:00:00+00:00,6018.209999999999,6049.57,6014.549999999999,6017.599999999999,6772.686746204639
2026-01-16T00:00:00+00:00,6017.599999999999,6038.7699999999995,5998.749999999999,6030.299999999999,5932.385287684443
2026-01-19T00:00:00+00:00,6030.299999999999,6030.799999999999,5911.799999999999,5915.349999999999,9839.81729855208
2026-01-20T00:00:00+00:00,5915.349999999999,5917.849999999999,5830.959999999999,5858.53,15458.82592484196
2026-01-21T00:00:00+00:00,5858.53,5970.419999999999,5817.4,5943.949999999999,25629.27600262177
2026-01-22T00:00:00+00:00,5943.949999999999,5975.759999999999,5924.74,5948.289999999999,10334.74768396555
2026-01-23T00:00:00+00:00,5948.289999999999,5953.349999999999,5911.339999999999,5944.4,9287.554709756627
2026-01-26T00:00:00+00:00,5944.4,5970.339999999999,5923.32,5960.389999999999,6681.075188289725
2026-01-27T00:00:00+00:00,5960.389999999999,6003.629999999999,5958.179999999999,5983.169999999999,6786.4924012305255
2026-01-28T00:00:00+00:00,5983.169999999999,6035.329999999999,5922.829999999999,5936.379999999999,16811.058950297956
2026-01-29T00:00:00+00:00,5936.379999999999,5974.829999999999,5879.32,5940.869999999999,22786.88158113431
2026-01-30T00:00:00+00:00,5940.869999999999,5968.28,5896.259999999999,5937.3099999999995,26020.029015373722
2026-02-02T00:00:00+00:00,5937.3099999999995,6034.589999999999,5870.589999999999,6028.619999999999,14523.69061613729
2026-02-03T00:00:00+00:00,6028.619999999999,6082.259999999999,5950.24,5990.299999999999,22238.06245847176
2026-02-04T00:00:00+00:00,5990.299999999999,6038.61,5948.589999999999,5974.159999999999,32005.300619035857
2026-02-05T00:00:00+00:00,5974.159999999999,6005.48,5896.459999999999,5916.509999999999,46893.015673981194
2026-02-06T00:00:00+00:00,5916.509999999999,6017.339999999999,5903.82,6015.889999999999,21719.88420596362
2026-02-09T00:00:00+00:00,6015.889999999999,6069.259999999999,5996.259999999999,6062.329999999999,9461.439411534458
2026-02-10T00:00:00+00:00,6062.329999999999,6082.949999999999,6042.949999999999,6046.0199999999995,10424.63388081508
2026-02-11T00:00:00+00:00,6046.0199999999995,6088.32,6017.82,6076.849999999999,19664.76262559025
2026-02-12T00:00:00+00:00,6076.849999999999,6103.169999999999,6002.169999999999,6010.709999999999,23632.805084269734
2026-02-13T00:00:00+00:00,6010.709999999999,6024.48,5963.469999999999,5993.5199999999995,37386.05714285714
2026-02-16T00:00:00+00:00,5993.5199999999995,6025.799999999999,5986.78,5997.289999999999,8320.006348246343
2026-02-17T00:00:00+00:00,5997.289999999999,6048.629999999999,5959.61,6040.179999999999,28093.32139889319
2026-02-18T00:00:00+00:00,6040.179999999999,6120.86,6038.179999999999,6103.909999999999,12658.767762011821
2026-02-19T00:00:00+00:00,6103.909999999999,6111.57,6036.049999999999,6069.119999999999,18526.04446312003
2026-02-20T00:00:00+00:00,6069.119999999999,6155.339999999999,6066.32,6144.389999999999,23670.67120481234
2026-02-23T00:00:00+00:00,6144.389999999999,6164.209999999999,6107.19,6128.759999999999,15719.417759414924
2026-02-24T00:00:00+00:00,6128.759999999999,6152.089999999999,6094.069999999999,6143.1399999999985,13720.632870490312
2026-02-25T00:00:00+00:00,6143.1399999999985,6195.409999999999,6142.1399999999985,6192.449999999999,7615.379014443533
2026-02-26T00:00:00+00:00,6192.449999999999,6217.179999999999,6150.659999999999,6188.229999999999,16499.670891165482
2026-02-27T00:00:00+00:00,6188.229999999999,6202.759999999999,6117.739999999999,6132.789999999999,22475.284984197577
2026-03-02T00:00:00+00:00,6132.789999999999,6137.289999999999,5995.769999999999,6011.829999999999,29684.425722831504
2026-03-03T00:00:00+00:00,6011.829999999999,6014.829999999999,5762.749999999999,5850.789999999999,50555.00163666121
2026-03-04T00:00:00+00:00,5850.789999999999,5933.249999999999,5786.749999999999,5924.799999999998,38362.143193178475
2026-03-05T00:00:00+00:00,5924.799999999998,5947.979999999999,5764.469999999998,5820.019999999999,38615.78295423403
2026-03-06T00:00:00+00:00,5820.019999999999,5856.8499999999985,5678.3499999999985,5754.339999999998,53052.83143858573
2026-03-09T00:00:00+00:00,5754.339999999998,5853.819999999999,5563.839999999998,5818.869999999998,72199.70762115423
2026-03-10T00:00:00+00:00,5818.869999999998,5897.169999999998,5774.669999999998,5810.219999999998,45362.034999564086
2026-03-11T00:00:00+00:00,5810.219999999998,5844.859999999998,5769.859999999998,5811.879999999998,44766.72671061844
2026-03-12T00:00:00+00:00,5811.879999999998,5816.379999999998,5711.699999999998,5750.699999999998,47516.04156188745
2026-03-13T00:00:00+00:00,5750.699999999998,5817.549999999998,5688.029999999998,5711.549999999998,46821.761823972774
2026-03-16T00:00:00+00:00,5711.549999999998,5793.989999999998,5695.469999999998,5773.019999999999,31078.510149645805
2026-03-17T00:00:00+00:00,5773.019999999999,5824.799999999998,5725.779999999998,5788.2699999999995,26823.74769257018
2026-03-18T00:00:00+00:00,5788.2699999999995,5801.2699999999995,5614.259999999999,5619.3099999999995,41566.379254457046
2026-03-19T00:00:00+00:00,5619.3099999999995,5638.58,5536.58,5614.129999999999,71466.15778249534
2026-03-20T00:00:00+00:00,5614.129999999999,5655.9,5401.889999999999,5438.889999999999,63088.86124876115
2026-03-23T00:00:00+00:00,5438.889999999999,5708.08,5345.179999999999,5617.08,100445.84677035318
2026-03-24T00:00:00+00:00,5617.08,5685.73,5530.72,5666.78,73059.89023255814
2026-03-25T00:00:00+00:00,5666.78,5709.03,5629.54,5658.09,45830.31844596289
2026-03-26T00:00:00+00:00,5658.09,5692.1,5579.1,5609.150000000001,40641.6359240281
2026-03-27T00:00:00+00:00,5609.150000000001,5632.160000000001,5505.160000000001,5506.160000000001,45269.43786260075
2026-03-30T00:00:00+00:00,5506.160000000001,5624.210000000001,5502.660000000001,5567.77,44842.41535950131
2026-03-31T00:00:00+00:00,5567.77,5724.76,5564.77,5708.81,66933.74213836479
2026-04-01T00:00:00+00:00,5708.81,5808.83,5704.81,5785.89,43616.66623263889
2026-04-02T00:00:00+00:00,5785.89,5793.89,5646.64,5761.720000000001,43314.26423427077
2026-04-07T00:00:00+00:00,5761.720000000001,5815.35,5670.330000000001,5767.390000000001,71587.12517985611
2026-04-08T00:00:00+00:00,5767.390000000001,6011.31,5764.890000000001,5994.37,53193.10818003337
2026-04-09T00:00:00+00:00,5994.37,6003.1900000000005,5921.1900000000005,5982.24,32432.473183391005
2026-04-10T00:00:00+00:00,5982.24,6040.38,5969.37,5994.42,23372.558595868995
2026-04-13T00:00:00+00:00,5994.42,6025.59,5926.53,6025.08,22549.256982339743
2026-04-14T00:00:00+00:00,6025.08,6074.29,6012.29,6069.35,19788.762186391144
2026-04-15T00:00:00+00:00,6069.35,6071.35,6003.080000000001,6029.630000000001,16759.112380790906
2026-04-16T00:00:00+00:00,6029.630000000001,6055.6900000000005,5982.670000000001,6000.72,17386.514354810617
2026-04-17T00:00:00+00:00,6000.72,6159.09,5997.09,6124.64,26229.896913571913
2026-04-20T00:00:00+00:00,6124.64,6128.64,6044.02,6082.57,23128.373742549404
2026-04-21T00:00:00+00:00,6082.57,6101.06,5960.04,5973.6,28897.168171084442
2026-04-22T00:00:00+00:00,5973.6,6038.95,5956.94,5986.99,25301.82670702372
2026-04-23T00:00:00+00:00,5986.99,5989.99,5869.32,5937.88,44622.3870309951
2026-04-24T00:00:00+00:00,5937.88,6013.37,5918.87,5986.93,38990.3075578533
2026-04-27T00:00:00+00:00,5986.93,6010.88,5930.37,5948.93,15831.695443335682
2026-04-28T00:00:00+00:00,5948.93,5962.05,5896.04,5908.04,28637.04113660822
2026-04-29T00:00:00+00:00,5908.04,5932.96,5848.46,5866.49,28701.636131743562
2026-04-30T00:00:00+00:00,5866.49,5971.25,5803.23,5955.78,29089.962975409268
2026-05-04T00:00:00+00:00,5955.78,5980.13,5794.12,5823.18,39353.12316838831
2026-05-05T00:00:00+00:00,5823.18,5952.68,5811.67,5945.72,25376.459600635324
2026-05-06T00:00:00+00:00,5945.72,6141.13,5945.72,6112.2,40739.45620521693
2026-05-07T00:00:00+00:00,6112.2,6139.7,5974.679999999999,5985.74,36766.44030412886
2026-05-08T00:00:00+00:00,5985.74,6008.37,5956.879999999999,5995.929999999999,23232.7939297903
2026-05-11T00:00:00+00:00,5995.929999999999,5997.929999999999,5932.879999999999,5952.929999999999,17990.181415917818
2026-05-12T00:00:00+00:00,5952.929999999999,5953.929999999999,5864.3099999999995,5907.86,24327.924206537187
2026-05-13T00:00:00+00:00,5907.86,5959.57,5862.57,5954.6,18030.1650634733
2026-05-14T00:00:00+00:00,5954.6,6008.45,5947.44,5974.49,19149.26640608317
2026-05-15T00:00:00+00:00,5974.49,5979.49,5872.660000000001,5879.22,33222.14906971123
2026-05-18T00:00:00+00:00,5879.22,5948.790000000001,5801.77,5943.830000000001,40229.65266106442
2026-05-19T00:00:00+00:00,5943.830000000001,5978.500000000001,5904.030000000002,5908.590000000002,37148.94740549425
2026-05-20T00:00:00+00:00,5908.590000000002,6087.370000000002,5899.850000000002,6061.420000000002,32731.82849689729
2026-05-21T00:00:00+00:00,6061.420000000002,6117.490000000002,5995.480000000002,6091.040000000002,41808.3975308642
2026-05-22T00:00:00+00:00,6091.040000000002,6109.260000000002,6061.240000000002,6068.800000000002,26672.91351257449
2026-05-25T00:00:00+00:00,6068.800000000002,6223.600000000002,6067.300000000002,6214.590000000002,9797.145809159245
2026-05-26T00:00:00+00:00,6214.590000000002,6215.590000000002,6130.560000000002,6152.590000000002,17082.494157279714
2026-05-27T00:00:00+00:00,6152.590000000002,6208.450000000003,6124.450000000003,6145.480000000003,20195.059282120354
2026-05-28T00:00:00+00:00,6145.480000000003,6159.7800000000025,6097.760000000003,6122.810000000003,20148.39264985409
2026-05-29T00:00:00+00:00,6122.810000000003,6180.000000000003,6097.500000000003,6100.550000000003,18579.142467657177
2026-06-01T00:00:00+00:00,6100.550000000003,6153.520000000003,6069.500000000003,6121.060000000003,30577.065668384213
2026-06-02T00:00:00+00:00,6121.060000000003,6186.890000000003,6118.060000000003,6172.920000000003,15470.357986538565
2026-06-03T00:00:00+00:00,6172.920000000003,6176.920000000003,6115.630000000003,6117.180000000003,16202.581947945719
2026-06-04T00:00:00+00:00,6117.180000000003,6201.510000000003,6116.680000000003,6190.570000000002,18490.14548877599
2026-06-05T00:00:00+00:00,6190.570000000002,6198.260000000003,6080.250000000003,6097.300000000003,32077.15855694615
2026-06-08T00:00:00+00:00,6097.300000000003,6171.210000000003,6048.190000000003,6141.260000000003,39452.02857947347
2026-06-09T00:00:00+00:00,6141.260000000003,6232.530000000003,6071.030000000003,6165.590000000003,51509.62077682071
2026-06-10T00:00:00+00:00,6165.590000000003,6167.090000000003,6053.350000000003,6065.410000000003,62261.00430624856
2026-06-11T00:00:00+00:00,6065.410000000003,6261.200000000003,6062.410000000003,6254.730000000003,60551.39256198347
2026-06-12T00:00:00+00:00,6254.730000000003,6288.360000000002,6210.850000000003,6269.4100000000035,44048.94700141491
2026-06-15T00:00:00+00:00,6269.4100000000035,6379.870000000003,6268.4100000000035,6317.370000000003,20397.116846034427
2026-06-16T00:00:00+00:00,6317.370000000003,6373.710000000003,6311.690000000003,6312.260000000003,18107.279186182983
2026-06-17T00:00:00+00:00,6312.260000000003,6386.090000000002,6307.760000000003,6325.630000000002,40564.83513166515
2026-06-18T00:00:00+00:00,6325.630000000002,6416.460000000003,6318.630000000002,6407.000000000003,28049.045061531087
2026-06-19T00:00:00+00:00,6407.000000000003,6431.080000000003,6363.140000000002,6367.100000000002,11808.17576131372
2026-06-22T00:00:00+00:00,6367.100000000002,6418.900000000002,6366.600000000002,6406.930000000002,19550.623286064336
2026-06-23T00:00:00+00:00,6406.930000000002,6406.930000000002,6295.170000000003,6314.200000000003,31881.530582155723
2026-06-24T00:00:00+00:00,6314.200000000003,6324.510000000002,6266.000000000003,6287.050000000002,33214.89152824313
2026-06-25T00:00:00+00:00,6287.050000000002,6369.960000000003,6285.550000000002,6348.5300000000025,33649.23503368624
2026-06-26T00:00:00+00:00,6348.5300000000025,6352.0300000000025,6266.630000000002,6293.170000000002,31947.054939592836
2026-06-29T00:00:00+00:00,6293.170000000002,6349.020000000002,6284.010000000002,6344.550000000002,22924.896731310317
2026-06-30T00:00:00+00:00,6344.550000000002,6417.980000000002,6343.050000000002,6412.540000000002,12128.666180513572
2026-07-01T00:00:00+00:00,6412.540000000002,6416.040000000002,6345.930000000002,6362.490000000002,15134.268970287487
2026-07-02T00:00:00+00:00,6362.490000000002,6476.550000000002,6342.050000000002,6440.6100000000015,23918.52193814208
2026-07-03T00:00:00+00:00,6440.6100000000015,6506.1500000000015,6440.1100000000015,6497.6500000000015,8295.085993236498
2026-07-06T00:00:00+00:00,6497.6500000000015,6517.700000000002,6461.700000000002,6484.260000000002,9040.388588992711
2026-07-07T00:00:00+00:00,6484.260000000002,6486.260000000002,6395.6500000000015,6416.190000000001,14431.198633694217
2026-07-08T00:00:00+00:00,6416.190000000001,6416.190000000001,6263.850000000001,6329.880000000002,33497.66765411857
2026-07-09T00:00:00+00:00,6329.880000000002,6376.350000000002,6310.330000000002,6361.900000000002,13448.291912320592
2026-07-10T00:00:00+00:00,6361.900000000002,6378.640000000002,6320.130000000002,6364.660000000003,12766.136051863066
2026-07-13T00:00:00+00:00,6364.660000000003,6375.830000000003,6303.330000000003,6332.380000000003,20912.164453248875
2026-07-14T00:00:00+00:00,6332.380000000003,6398.520000000002,6309.500000000003,6359.550000000003,32229.387834192356
2026-07-15T00:00:00+00:00,6359.550000000003,6397.360000000002,6336.360000000002,6379.920000000003,18631.497716025842
2026-07-16T00:00:00+00:00,6379.920000000003,6400.460000000003,6306.960000000003,6362.520000000002,20891.65784671533
2026-07-17T00:00:00+00:00,6362.520000000002,6365.520000000002,6297.680000000003,6334.2400000000025,23477.90212924916
2026-07-20T00:00:00+00:00,6334.2400000000025,6369.380000000003,6290.380000000003,6295.950000000003,24083.0046813924
2026-07-21T00:00:00+00:00,6295.950000000003,6400.340000000003,6294.950000000003,6399.390000000003,17154.18794940622
2026-07-22T00:00:00+00:00,6399.390000000003,6434.500000000003,6356.4900000000025,6415.540000000003,17593.234749584117
2026-07-23T00:00:00+00:00,6415.540000000003,6416.540000000003,6295.700000000003,6312.760000000003,29672.453902303016
2026-07-24T00:00:00+00:00,6312.760000000003,6395.4900000000025,6292.470000000003,6368.520000000002,20535.725274725275
2026-07-27T00:00:00+00:00,6368.520000000002,6473.660000000003,6368.020000000002,6415.710000000003,16716.61853213582
2026-07-28T00:00:00+00:00,6415.710000000003,6423.560000000002,6361.050000000003,6408.110000000002,21046.573039831346
2026-07-29T00:00:00+00:00,6408.110000000002,6409.400000000002,6329.970000000003,6335.970000000003,34667.73244929797
2026-07-30T00:00:00+00:00,6335.970000000003,6469.410000000003,6333.470000000003,6467.470000000003,22753.626667136843
2026-07-31T00:00:00+00:00,6467.470000000003,6526.670000000003,6435.650000000002,6468.200000000003,22305.080132462357
2026-08-03T00:00:00+00:00,6468.200000000003,6553.110000000002,6466.200000000003,6547.160000000003,16217.931760406796
2026-08-04T00:00:00+00:00,6547.160000000003,6620.320000000002,6547.160000000003,6615.880000000003,14142.425327141447
2026-08-05T00:00:00+00:00,6615.880000000003,6626.410000000003,6579.400000000002,6586.470000000003,13535.665036837905
2026-08-06T00:00:00+00:00,6586.470000000003,6631.790000000003,6585.770000000002,6606.830000000003,16557.413647280315
2026-08-07T00:00:00+00:00,6606.830000000003,6661.980000000002,6604.4900000000025,6638.050000000003,14777.805176397382
2026-08-10T00:00:00+00:00,6638.050000000003,6661.670000000003,6624.650000000003,6637.710000000003,9931.223145681313
2026-08-11T00:00:00+00:00,6637.710000000003,6680.120000000003,6629.600000000003,6647.670000000003,12569.613322512176
2026-08-12T00:00:00+00:00,6647.670000000003,6684.520000000003,6627.460000000003,6654.0300000000025,11870.012469551097
2026-08-13T00:00:00+00:00,6654.0300000000025,6674.980000000003,6641.970000000003,6662.980000000003,7701.951207540957
2026-08-14T00:00:00+00:00,6662.980000000003,6667.370000000003,6633.360000000002,6648.410000000003,7014.790086656285
2026-08-17T00:00:00+00:00,6648.410000000003,6672.570000000002,6621.550000000003,6626.620000000003,9736.507535446339
2026-08-18T00:00:00+00:00,6626.620000000003,6627.620000000003,6564.380000000003,6575.440000000003,12735.77434693092
2026-08-19T00:00:00+00:00,6575.440000000003,6593.900000000003,6534.900000000003,6540.950000000003,13664.107035349714
2026-08-20T00:00:00+00:00,6540.950000000003,6559.840000000003,6507.330000000003,6520.390000000003,12528.697650250955
2026-08-21T00:00:00+00:00,6520.390000000003,6572.230000000003,6520.390000000003,6562.760000000003,9056.011274523797
2026-08-24T00:00:00+00:00,6460.88,6469.43,6439.43,6456.49,11846
2026-08-25T00:00:00+00:00,6456.49,6493.34,6452.83,6467.89,13618
2026-08-26T00:00:00+00:00,6467.89,6500.73,6456.22,6469.77,9438
2026-08-27T00:00:00+00:00,6470.27,6500.62,6415.6,6436.67,10713
2026-08-28T00:00:00+00:00,6437.17,6500.14,6436.67,6478.17,13481
2026-08-31T00:00:00+00:00,6478.17,6489.28,6398.27,6408.32,8377
2026-09-01T00:00:00+00:00,6408.32,6426.44,6334.93,6343.47,17595
2026-09-02T00:00:00+00:00,6343.47,6376.88,6331.38,6368.43,16523
2026-09-03T00:00:00+00:00,6368.43,6386.28,6338.26,6385.81,14417
2026-09-04T00:00:00+00:00,6385.81,6411.1,6362.09,6398.6,13745
2026-09-07T00:00:00+00:00,6398.6,6408.76,6369.76,6396.78,8372
2026-09-08T00:00:00+00:00,6396.78,6417.18,6361.67,6375.72,16250
2026-09-09T00:00:00+00:00,6375.72,6384.55,6275.54,6299.11,18177
2026-09-10T00:00:00+00:00,6299.59,6329.98,6250.97,6258.04,24775
2026-09-11T00:00:00+00:00,6258.04,6342.26,6258.04,6320.3,19281
